[{"no":1,"name":"Carleen","kor":78,"eng":84,"math":86,"total":248,"avg":82,"rank":0},
{"no":2,"name":"Minnie","kor":86,"eng":54,"math":98,"total":238,"avg":79,"rank":0},
{"no":3,"name":"Vito","kor":91,"eng":78,"math":76,"total":245,"avg":81,"rank":0},
{"no":4,"name":"Stacy","kor":82,"eng":88,"math":88,"total":258,"avg":86,"rank":0},
{"no":5,"name":"Jordain","kor":100,"eng":90,"math":52,"total":242,"avg":80,"rank":0},
{"no":6,"name":"Ree","kor":64,"eng":80,"math":63,"total":207,"avg":69,"rank":0},
{"no":7,"name":"Bride","kor":82,"eng":50,"math":60,"total":192,"avg":64,"rank":0},
{"no":8,"name":"Pete","kor":55,"eng":92,"math":70,"total":217,"avg":72,"rank":0},
{"no":9,"name":"Augustine","kor":77,"eng":52,"math":84,"total":213,"avg":71,"rank":0},
{"no":10,"name":"Daryle","kor":61,"eng":80,"math":84,"total":225,"avg":75,"rank":0},
{"no":11,"name":"Deana","kor":65,"eng":71,"math":100,"total":236,"avg":78,"rank":0},
{"no":12,"name":"Alwyn","kor":64,"eng":77,"math":89,"total":230,"avg":76,"rank":0},
{"no":13,"name":"Shaw","kor":68,"eng":100,"math":97,"total":265,"avg":88,"rank":0},
{"no":14,"name":"Shaw","kor":83,"eng":63,"math":95,"total":241,"avg":80,"rank":0},
{"no":15,"name":"Amelina","kor":64,"eng":93,"math":75,"total":232,"avg":77,"rank":0},
{"no":16,"name":"Cassie","kor":51,"eng":87,"math":77,"total":215,"avg":71,"rank":0},
{"no":17,"name":"Dominique","kor":59,"eng":55,"math":62,"total":176,"avg":58,"rank":0},
{"no":18,"name":"Mariya","kor":67,"eng":66,"math":88,"total":221,"avg":73,"rank":0},
{"no":19,"name":"Erin","kor":90,"eng":84,"math":83,"total":257,"avg":85,"rank":0},
{"no":20,"name":"Marlon","kor":99,"eng":60,"math":84,"total":243,"avg":81,"rank":0},
{"no":21,"name":"Beth","kor":87,"eng":97,"math":68,"total":252,"avg":84,"rank":0},
{"no":22,"name":"Leland","kor":92,"eng":57,"math":61,"total":210,"avg":70,"rank":0},
{"no":23,"name":"Iorgo","kor":72,"eng":92,"math":63,"total":227,"avg":75,"rank":0},
{"no":24,"name":"Quentin","kor":81,"eng":90,"math":74,"total":245,"avg":81,"rank":0},
{"no":25,"name":"Anna-maria","kor":93,"eng":75,"math":84,"total":252,"avg":84,"rank":0},
{"no":26,"name":"Brodie","kor":67,"eng":94,"math":93,"total":254,"avg":84,"rank":0},
{"no":27,"name":"Oneida","kor":95,"eng":75,"math":58,"total":228,"avg":76,"rank":0},
{"no":28,"name":"Matilda","kor":63,"eng":62,"math":70,"total":195,"avg":65,"rank":0},
{"no":29,"name":"Marilee","kor":84,"eng":90,"math":56,"total":230,"avg":76,"rank":0},
{"no":30,"name":"Tani","kor":69,"eng":75,"math":81,"total":225,"avg":75,"rank":0},
{"no":31,"name":"Sena","kor":63,"eng":75,"math":56,"total":194,"avg":64,"rank":0},
{"no":32,"name":"Gaylor","kor":83,"eng":58,"math":89,"total":230,"avg":76,"rank":0},
{"no":33,"name":"Jean","kor":50,"eng":74,"math":77,"total":201,"avg":67,"rank":0},
{"no":34,"name":"Regan","kor":77,"eng":51,"math":79,"total":207,"avg":69,"rank":0},
{"no":35,"name":"Sue","kor":64,"eng":93,"math":66,"total":223,"avg":74,"rank":0},
{"no":36,"name":"Wynny","kor":84,"eng":89,"math":87,"total":260,"avg":86,"rank":0},
{"no":37,"name":"Tania","kor":74,"eng":70,"math":51,"total":195,"avg":65,"rank":0},
{"no":38,"name":"Kelci","kor":63,"eng":73,"math":59,"total":195,"avg":65,"rank":0},
{"no":39,"name":"Kalindi","kor":80,"eng":53,"math":71,"total":204,"avg":68,"rank":0},
{"no":40,"name":"Mervin","kor":68,"eng":59,"math":56,"total":183,"avg":61,"rank":0},
{"no":41,"name":"Mac","kor":65,"eng":57,"math":56,"total":178,"avg":59,"rank":0},
{"no":42,"name":"Henrietta","kor":59,"eng":71,"math":61,"total":191,"avg":63,"rank":0},
{"no":43,"name":"Lane","kor":85,"eng":64,"math":70,"total":219,"avg":73,"rank":0},
{"no":44,"name":"Charles","kor":59,"eng":84,"math":58,"total":201,"avg":67,"rank":0},
{"no":45,"name":"Abigale","kor":84,"eng":79,"math":84,"total":247,"avg":82,"rank":0},
{"no":46,"name":"Konstantine","kor":76,"eng":82,"math":92,"total":250,"avg":83,"rank":0},
{"no":47,"name":"Fidole","kor":55,"eng":84,"math":69,"total":208,"avg":69,"rank":0},
{"no":48,"name":"Fara","kor":79,"eng":63,"math":69,"total":211,"avg":70,"rank":0},
{"no":49,"name":"Natty","kor":81,"eng":80,"math":55,"total":216,"avg":72,"rank":0},
{"no":50,"name":"Moe","kor":65,"eng":93,"math":87,"total":245,"avg":81,"rank":0},
{"no":51,"name":"Diana","kor":98,"eng":63,"math":53,"total":214,"avg":71,"rank":0},
{"no":52,"name":"Zelig","kor":50,"eng":63,"math":84,"total":197,"avg":65,"rank":0},
{"no":53,"name":"Renault","kor":60,"eng":95,"math":63,"total":218,"avg":72,"rank":0},
{"no":54,"name":"Charis","kor":64,"eng":97,"math":69,"total":230,"avg":76,"rank":0},
{"no":55,"name":"Roddy","kor":53,"eng":56,"math":87,"total":196,"avg":65,"rank":0},
{"no":56,"name":"Candice","kor":70,"eng":98,"math":82,"total":250,"avg":83,"rank":0},
{"no":57,"name":"Lydia","kor":88,"eng":71,"math":78,"total":237,"avg":79,"rank":0},
{"no":58,"name":"Werner","kor":94,"eng":52,"math":81,"total":227,"avg":75,"rank":0},
{"no":59,"name":"Erskine","kor":82,"eng":79,"math":63,"total":224,"avg":74,"rank":0},
{"no":60,"name":"Susi","kor":87,"eng":63,"math":77,"total":227,"avg":75,"rank":0},
{"no":61,"name":"Conrade","kor":76,"eng":69,"math":67,"total":212,"avg":70,"rank":0},
{"no":62,"name":"Horatius","kor":64,"eng":76,"math":96,"total":236,"avg":78,"rank":0},
{"no":63,"name":"Bearnard","kor":64,"eng":98,"math":66,"total":228,"avg":76,"rank":0},
{"no":64,"name":"Karyn","kor":62,"eng":59,"math":87,"total":208,"avg":69,"rank":0},
{"no":65,"name":"Townsend","kor":74,"eng":78,"math":67,"total":219,"avg":73,"rank":0},
{"no":66,"name":"Talbot","kor":54,"eng":99,"math":98,"total":251,"avg":83,"rank":0},
{"no":67,"name":"Haze","kor":61,"eng":93,"math":56,"total":210,"avg":70,"rank":0},
{"no":68,"name":"Shauna","kor":68,"eng":91,"math":83,"total":242,"avg":80,"rank":0},
{"no":69,"name":"Harwilll","kor":71,"eng":69,"math":95,"total":235,"avg":78,"rank":0},
{"no":70,"name":"Ebonee","kor":93,"eng":66,"math":82,"total":241,"avg":80,"rank":0},
{"no":71,"name":"Griffith","kor":93,"eng":68,"math":84,"total":245,"avg":81,"rank":0},
{"no":72,"name":"Adriena","kor":93,"eng":81,"math":52,"total":226,"avg":75,"rank":0},
{"no":73,"name":"Gui","kor":61,"eng":59,"math":94,"total":214,"avg":71,"rank":0},
{"no":74,"name":"Tedman","kor":82,"eng":66,"math":98,"total":246,"avg":82,"rank":0},
{"no":75,"name":"Samuele","kor":72,"eng":73,"math":90,"total":235,"avg":78,"rank":0},
{"no":76,"name":"Hieronymus","kor":80,"eng":86,"math":58,"total":224,"avg":74,"rank":0},
{"no":77,"name":"Daphne","kor":82,"eng":66,"math":57,"total":205,"avg":68,"rank":0},
{"no":78,"name":"Hermine","kor":91,"eng":70,"math":50,"total":211,"avg":70,"rank":0},
{"no":79,"name":"Tallie","kor":92,"eng":60,"math":84,"total":236,"avg":78,"rank":0},
{"no":80,"name":"Robinet","kor":56,"eng":100,"math":59,"total":215,"avg":71,"rank":0},
{"no":81,"name":"Koralle","kor":94,"eng":94,"math":66,"total":254,"avg":84,"rank":0},
{"no":82,"name":"Egan","kor":73,"eng":71,"math":51,"total":195,"avg":65,"rank":0},
{"no":83,"name":"Kliment","kor":85,"eng":75,"math":95,"total":255,"avg":85,"rank":0},
{"no":84,"name":"Salli","kor":60,"eng":97,"math":50,"total":207,"avg":69,"rank":0},
{"no":85,"name":"Talbert","kor":54,"eng":98,"math":65,"total":217,"avg":72,"rank":0},
{"no":86,"name":"Clara","kor":61,"eng":94,"math":89,"total":244,"avg":81,"rank":0},
{"no":87,"name":"Elwyn","kor":88,"eng":96,"math":96,"total":280,"avg":93,"rank":0},
{"no":88,"name":"Myrlene","kor":81,"eng":73,"math":98,"total":252,"avg":84,"rank":0},
{"no":89,"name":"Carson","kor":58,"eng":99,"math":51,"total":208,"avg":69,"rank":0},
{"no":90,"name":"Franklyn","kor":72,"eng":55,"math":63,"total":190,"avg":63,"rank":0},
{"no":91,"name":"Markus","kor":93,"eng":90,"math":55,"total":238,"avg":79,"rank":0},
{"no":92,"name":"Luigi","kor":84,"eng":72,"math":98,"total":254,"avg":84,"rank":0},
{"no":93,"name":"Wayland","kor":90,"eng":68,"math":81,"total":239,"avg":79,"rank":0},
{"no":94,"name":"Kiley","kor":99,"eng":96,"math":73,"total":268,"avg":89,"rank":0},
{"no":95,"name":"Orelia","kor":81,"eng":97,"math":98,"total":276,"avg":92,"rank":0},
{"no":96,"name":"Sherlocke","kor":61,"eng":74,"math":60,"total":195,"avg":65,"rank":0},
{"no":97,"name":"Christoper","kor":52,"eng":59,"math":71,"total":182,"avg":60,"rank":0},
{"no":98,"name":"Emmalee","kor":65,"eng":58,"math":65,"total":188,"avg":62,"rank":0},
{"no":99,"name":"Jermaine","kor":79,"eng":99,"math":81,"total":259,"avg":86,"rank":0},
{"no":100,"name":"Marris","kor":77,"eng":51,"math":92,"total":220,"avg":73,"rank":0}]